{"cameraMode":{"drawMode":0,"name":"Shaded","section":"Shading Mode"},"sceneLighting":true,"audioPlay":false,"sceneViewState":{"m_AlwaysRefresh":false,"showFog":true,"showSkybox":true,"showFlares":true,"showImageEffects":true,"showParticleSystems":true,"showVisualEffectGraphs":true,"m_FxEnabled":true},"in2DMode":false,"pivot":{"x":-11.431103706359864,"y":-1.951459527015686,"z":8.00103759765625},"rotation":{"x":-0.060206763446331027,"y":0.04699552431702614,"z":-0.002838081680238247,"w":-0.9970782995223999},"size":1.2247449159622193,"orthographic":false}